file,line,pos,simplified_char,current,candidates,simplified_line,tw_line
lyrics_bb_text/bb1004.txt,12,10,里,里,裏:5124 里:17,得以彰显在人性美德里。 ,得以彰顯在人性美德里。 
lyrics_bb_text/bb127.txt,21,17,炼,鍊,煉:59 鍊:5,若要成就神这心意，就得接受一切磨炼，,若要成就神這心意，就得接受一切磨鍊，
lyrics_bb_text/bb137.txt,18,3,复,複,復:235 覆:28 複:6,（重复一至四行） ,（重複一至四行） 
lyrics_bb_text/bb137.txt,33,3,复,複,復:235 覆:28 複:6,（重复一至四行） ,（重複一至四行） 
lyrics_bb_text/bb149.txt,19,6,系,係,繫:28 系:15 係:4,愿这生命关系，从此更亲、更深。,願這生命關係，從此更親、更深。
lyrics_bb_text/bb17.txt,20,1,赞,贊,讚:353 贊:3,赞，赞，赞，将神心意发表，,贊，贊，贊，將神心意發表，
lyrics_bb_text/bb17.txt,20,3,赞,贊,讚:353 贊:3,赞，赞，赞，将神心意发表，,贊，贊，贊，將神心意發表，
lyrics_bb_text/bb17.txt,20,5,赞,贊,讚:353 贊:3,赞，赞，赞，将神心意发表，,贊，贊，贊，將神心意發表，
lyrics_bb_text/bb17.txt,21,1,赞,贊,讚:353 贊:3,赞，赞，赞，使我灵里发烧，,贊，贊，贊，使我靈裏發燒，
lyrics_bb_text/bb17.txt,21,3,赞,贊,讚:353 贊:3,赞，赞，赞，使我灵里发烧，,贊，贊，贊，使我靈裏發燒，
lyrics_bb_text/bb17.txt,21,5,赞,贊,讚:353 贊:3,赞，赞，赞，使我灵里发烧，,贊，贊，贊，使我靈裏發燒，
lyrics_bb_text/bb17.txt,24,15,赞,贊,讚:353 贊:3,将流荡者带回归向神，高声赞，赞，赞！,將流蕩者帶回歸向神，高聲讚，贊，贊！
lyrics_bb_text/bb17.txt,24,17,赞,贊,讚:353 贊:3,将流荡者带回归向神，高声赞，赞，赞！,將流蕩者帶回歸向神，高聲讚，贊，贊！
lyrics_bb_text/bb206.txt,13,1,蒙,矇,蒙:465 矇:6,蒙昧的人忙着搭窝，堆积财宝，据如己有；,矇昧的人忙著搭窩，堆積財寶，據如己有；
lyrics_bb_text/bb249.txt,14,3,尽,儘,盡:343 儘:22,忧疑尽可带来归祂，因祂是首先，祂也是末后。,憂疑儘可帶來歸祂，因祂是首先，祂也是末後。
lyrics_bb_text/bb258.txt,30,15,里,里,裏:5124 里:17,神圣经纶，神圣分赐，在你三一里；,神聖經綸，神聖分賜，在你三一里；
lyrics_bb_text/bb301.txt,16,5,发,髮,發:1343 髮:90,你膏油所发香气，使我心欢喜。,你膏油所髮香氣，使我心歡喜。
lyrics_bb_text/bb301.txt,17,5,发,髮,發:1343 髮:90,你膏油所发香气，使我心欢喜。,你膏油所髮香氣，使我心歡喜。
lyrics_bb_text/bb313.txt,16,3,复,複,復:235 覆:28 複:6,（重复） ,（重複） 
lyrics_bb_text/bb317.txt,22,12,复,複,復:235 覆:28 複:6,我竟这样愚昧无知。（重复最后两行，下同）,我竟這樣愚昧無知。（重複最後兩行，下同）
lyrics_bb_text/bb328.txt,36,8,系,係,繫:28 系:15 係:4,与你个人情深关系，是何等的甜蜜！,與你個人情深關係，是何等的甜蜜！
lyrics_bb_text/bb332.txt,28,4,复,複,復:235 覆:28 複:6, （重复最后两行）, （重複最後兩行）
lyrics_bb_text/bb343.txt,14,3,里,里,裏:5124 里:17,单一里注视你如良鸽，荆棘中信靠如百合。,單一里注視你如良鴿，荊棘中信靠如百合。
lyrics_bb_text/bb406.txt,25,5,并,併,並:2376 併:23,必须长大并成熟。 ,必須長大併成熟。 
lyrics_bb_text/bb416.txt,17,3,复,複,復:235 覆:28 複:6,（重复末句，下同） ,（重複末句，下同） 
lyrics_bb_text/bb435.txt,27,8,赞,贊,讚:353 贊:3,痛侮之心顿生感赞，希奇天来恩惠：,痛侮之心頓生感贊，希奇天來恩惠：
lyrics_bb_text/bb448.txt,7,16,系,係,繫:28 系:15 係:4,神的旨意在这宇宙，全在祂与人关系；,神的旨意在這宇宙，全在祂與人關係；
lyrics_bb_text/bb454.txt,2,1,回,迴,回:1419 迴:4,回归主自己,迴歸主自己
lyrics_bb_text/bb502.txt,8,4,赞,贊,讚:353 贊:3,满怀感赞！我们满口的喜笑，,滿懷感贊！我們滿口的喜笑，
lyrics_bb_text/bb503.txt,18,3,复,複,復:235 覆:28 複:6,（重复最后一行，下同） ,（重複最後一行，下同） 
lyrics_bb_text/bb506.txt,23,17,赞,贊,讚:353 贊:3,主，锡安等候赞美你，主，锡安等候赞你，,主，錫安等候讚美你，主，錫安等候贊你，
lyrics_bb_text/bb511.txt,2,7,复,複,復:235 覆:28 複:6,金灯台是灵的复制,金燈臺是靈的複製
lyrics_bb_text/bb511.txt,18,10,复,複,復:235 覆:28 複:6,个个金灯台是这灵的复制，,個個金燈臺是這靈的複製，
lyrics_bb_text/bb534.txt,35,7,复,複,復:235 覆:28 複:6,注：每节均重复第二行歌辞二次。,注：每節均重複第二行歌辭二次。
lyrics_bb_text/bb603.txt,30,3,复,複,復:235 覆:28 複:6,（重复最后两行） ,（重複最後兩行） 
lyrics_bb_text/bb606.txt,26,5,并,併,並:2376 併:23,灵里激动并火热，我们同来作工，,靈裏激動併火熱，我們同來作工，
lyrics_bb_text/bb608.txt,19,4,系,係,繫:28 系:15 係:4,不谈关系情感兴趣，乃是灵与灵相系。,不談關係情感興趣，乃是靈與靈相系。
lyrics_bb_text/bb627.txt,16,3,复,複,復:235 覆:28 複:6,（重复末句，下同）,（重複末句，下同）
lyrics_bb_text/bb7.txt,27,4,针,針,鍼:3,藉圣灵针针刺绣，基督作到身上，,藉聖靈針針刺繡，基督作到身上，
lyrics_bb_text/bb7.txt,27,5,针,針,鍼:3,藉圣灵针针刺绣，基督作到身上，,藉聖靈針針刺繡，基督作到身上，
lyrics_bb_text/bb701.txt,8,8,里,里,裏:5124 里:17,在祂已过的年日里，他总常感不足。,在祂已過的年日里，他總常感不足。
lyrics_bb_text/bb813.txt,14,11,复,複,復:235 覆:28 複:6,已经完全的得胜！（重复头四句。）,已經完全的得勝！（重複頭四句。）
lyrics_bb_text/bb815.txt,14,3,复,複,復:235 覆:28 複:6,（重复）这位基督，是我一切，,（重複）這位基督，是我一切，
lyrics_bb_text/bb815.txt,19,3,复,複,復:235 覆:28 複:6,（重复）这团体人，能代表神，,（重複）這團體人，能代表神，
lyrics_bb_text/bb815.txt,24,3,复,複,復:235 覆:28 複:6,（重复）我们今天生活有路，,（重複）我們今天生活有路，
lyrics_bb_text/bb815.txt,29,3,复,複,復:235 覆:28 複:6,（重复）使万民作主的门徒。,（重複）使萬民作主的門徒。
lyrics_bb_text/bb818.txt,12,8,复,複,復:235 覆:28 複:6,阿利路亚！（重复二至五行）,阿利路亞！（重複二至五行）
lyrics_bb_text/bb821.txt,35,1,赞,贊,讚:353 贊:3,赞他恩惠，颂他大爱。（同啍）,贊他恩惠，頌他大愛。（同啍）
lyrics_bb_text/bb823.txt,14,7,炼,鍊,煉:59 鍊:5,当你多方受磨炼，请务必记住：无论此世,當你多方受磨鍊，請務必記住：無論此世
lyrics_bb_text/bb842.txt,16,3,复,複,復:235 覆:28 複:6,（重复第四行） ,（重複第四行） 
lyrics_bb_text/bb854.txt,12,16,赞,贊,讚:353 贊:3,更美之血为我美言，我灵苏醒、感赞。,更美之血為我美言，我靈甦醒、感贊。
lyrics_bb_text/bb872.txt,6,10,里,里,裏:5124 里:17,走尽千重山，渡过万里洋，何处找到安息的地方？,走盡千重山，渡過萬里洋，何處找到安息的地方？
lyrics_bb_text/bb879.txt,16,11,回,迴,回:1419 迴:4,我的信终于有了生命的回响，,我的信終於有了生命的迴響，
lyrics_bb_text/bb903.txt,13,3,复,複,復:235 覆:28 複:6,（重复三次，下同）,（重複三次，下同）
lyrics_bb_text/bb923.txt,20,6,赞,贊,讚:353 贊:3,祈求终变感赞，渴望尽成眼见，主，你也必心满意足。,祈求終變感贊，渴望盡成眼見，主，你也必心滿意足。
lyrics_db_text/db103.txt,15,14,发,髮,發:1343 髮:90,欢呼！耶稣已经复活，未损毫发，只增荣耀；,歡呼！耶穌已經復活，未損毫髮，只增榮耀；
lyrics_db_text/db142.txt,13,8,干,幹,乾:214 干:91 榦:11 幹:3,新鲜、清凉、消干、解枯、,新鮮、清涼、消幹、解枯、
lyrics_db_text/db143.txt,14,14,赞,贊,讚:353 贊:3,耶稣更香甜！伤痛之心因祂欢赞。,耶穌更香甜！傷痛之心因祂歡贊。
lyrics_db_text/db149.txt,23,1,赞,贊,讚:353 贊:3,赞他！赞他！赞我恩人！圣徒们哪，当高声！,贊他！贊他！讚我恩人！聖徒們哪，當高聲！
lyrics_db_text/db149.txt,23,4,赞,贊,讚:353 贊:3,赞他！赞他！赞我恩人！圣徒们哪，当高声！,贊他！贊他！讚我恩人！聖徒們哪，當高聲！
lyrics_db_text/db149.txt,24,1,赞,贊,讚:353 贊:3,赞他！赞他！直到天上，赞得完全赞得长。,贊他！贊他！直到天上，贊得完全贊得長。
lyrics_db_text/db149.txt,24,4,赞,贊,讚:353 贊:3,赞他！赞他！直到天上，赞得完全赞得长。,贊他！贊他！直到天上，贊得完全贊得長。
lyrics_db_text/db149.txt,24,12,赞,贊,讚:353 贊:3,赞他！赞他！直到天上，赞得完全赞得长。,贊他！贊他！直到天上，贊得完全贊得長。
lyrics_db_text/db149.txt,24,16,赞,贊,讚:353 贊:3,赞他！赞他！直到天上，赞得完全赞得长。,贊他！贊他！直到天上，贊得完全贊得長。
lyrics_db_text/db154.txt,16,7,复,複,復:235 覆:28 複:6,我们是你荣耀复本，是你神圣的扩充。,我們是你榮耀複本，是你神聖的擴充。
lyrics_db_text/db154.txt,25,6,复,複,復:235 覆:28 複:6,我们是你的复制品、是你身体并新妇、,我們是你的複製品、是你身體並新婦、
lyrics_db_text/db16.txt,23,8,并,併,並:2376 併:23,众人所有过犯；并为显明你的公义，,眾人所有過犯；併為顯明你的公義，
lyrics_db_text/db164.txt,95,13,并,併,並:2376 併:23,十一，十四，十七，二十一并二十二节。,十一，十四，十七，二十一併二十二節。
lyrics_db_text/db167.txt,8,14,干,幹,乾:214 干:91 榦:11 幹:3,你的活水我已尝，永不再渴再干。,你的活水我已嘗，永不再渴再幹。
lyrics_db_text/db177.txt,12,1,并,併,並:2376 併:23,并为使我脱离罪孽，你也为我流了宝血。,併為使我脫離罪孽，你也為我流了寶血。
lyrics_db_text/db188.txt,25,15,并,併,並:2376 併:23,荣耀基督，钉死十架，替我担罪并成罪，,榮耀基督，釘死十架，替我擔罪併成罪，
lyrics_db_text/db197.txt,36,6,回,迴,回:1419 迴:4,唱阿，直到回响飞射上下碧苍；,唱阿，直到迴響飛射上下碧蒼；
lyrics_db_text/db209.txt,20,6,炼,鍊,煉:59 鍊:5,我心要接锻炼的火，将我旧造烧绝；,我心要接鍛鍊的火，將我舊造燒絕；
lyrics_db_text/db23.txt,25,1,赞,贊,讚:353 贊:3,赞你怜悯，歌颂直到万代。,贊你憐憫，歌頌直到萬代。
lyrics_db_text/db24.txt,25,2,干,幹,乾:214 干:91 榦:11 幹:3,墨干、笔弃、纸罄、人敝，未能写出半点。,墨幹、筆棄、紙罄、人敝，未能寫出半點。
lyrics_db_text/db257.txt,8,15,干,幹,乾:214 干:91 榦:11 幹:3,得以解除里面所感火烧一般的渴干。,得以解除裏面所感火燒一般的渴幹。
lyrics_db_text/db258.txt,27,1,蒙,矇,蒙:465 矇:6,蒙昧心目，祂为我开，始知祂是可爱。,矇昧心目，祂為我開，始知祂是可愛。
lyrics_db_text/db268.txt,17,13,了,瞭,了:8322 瞭:3,我心应当充满把握；因主明了,我心應當充滿把握；因主明瞭
lyrics_db_text/db290.txt,23,10,蒙,矇,蒙:465 矇:6,当每晨未破晓，我仍蒙昧中，,當每晨未破曉，我仍矇昧中，
lyrics_db_text/db348.txt,35,17,赞,贊,讚:353 贊:3,盼望就要变成事实，信变眼见，求变赞。,盼望就要變成事實，信變眼見，求變贊。
lyrics_db_text/db352.txt,2,4,回,迴,回:1419 迴:4,奉献－回归转主,奉獻－迴歸轉主
lyrics_db_text/db366.txt,23,15,回,迴,回:1419 迴:4,‘爱’是最短路径，使你免去纡回。,‘愛’是最短路徑，使你免去紆迴。
lyrics_db_text/db380.txt,35,15,并,併,並:2376 併:23,使我刚强，使我得胜，使我长大并成熟；,使我剛強，使我得勝，使我長大併成熟；
lyrics_db_text/db393.txt,16,13,并,併,並:2376 併:23,祂是圣中之圣，使我与世不并。,祂是聖中之聖，使我與世不併。
lyrics_db_text/db409.txt,38,7,尽,儘,盡:343 儘:22,他心切望能够尽速把我带到那边；,他心切望能夠儘速把我帶到那邊；
lyrics_db_text/db453.txt,25,11,赞,贊,讚:353 贊:3,醒来心情安适，充满感赞；,醒來心情安適，充滿感贊；
lyrics_db_text/db465.txt,64,13,干,幹,乾:214 干:91 榦:11 幹:3,反而将它再砍，使成无枝秃干。,反而將它再砍，使成無枝禿幹。
lyrics_db_text/db468.txt,11,13,系,係,繫:28 系:15 係:4,我今已经撇弃世界，所有关系都解；,我今已經撇棄世界，所有關係都解；
lyrics_db_text/db469.txt,25,16,炼,鍊,煉:59 鍊:5,随后就在客西马尼，园中孤单受磨炼，,隨後就在客西馬尼，園中孤單受磨鍊，
lyrics_db_text/db47.txt,15,9,辟,闢,辟:15 闢:1,祂的身体被擘开，辟成新活道路，,祂的身體被擘開，闢成新活道路，
lyrics_db_text/db47.txt,28,7,赞,贊,讚:353 贊:3,赞美，哦父，赞不尽你这逾格恩典。,讚美，哦父，贊不盡你這逾格恩典。
lyrics_db_text/db474.txt,16,14,蒙,濛,蒙:465 矇:6,没有惊险的可畏，能使你心迷蒙。,沒有驚險的可畏，能使你心迷濛。
lyrics_db_text/db507.txt,9,5,针,針,鍼:3,你当赐南针图状，主，你作我的领港。,你當賜南針圖狀，主，你作我的領港。
lyrics_db_text/db528.txt,21,10,赞,贊,讚:353 贊:3,十架变冠冕，叹息变赞，,十架變冠冕，歎息變贊，
lyrics_db_text/db565.txt,16,12,赞,贊,讚:353 贊:3,一直支取并享受，向神感赞胜祈求。,一直支取並享受，向神感贊勝祈求。
lyrics_db_text/db582.txt,33,8,了,瞭,了:8322 瞭:3,不仅凭着头脑明了，且要用灵敬拜祷告。,不僅憑著頭腦明瞭，且要用靈敬拜禱告。
lyrics_db_text/db593.txt,24,7,复,複,復:235 覆:28 複:6,召会是他真实复本，他借召会向人显明。,召會是他真實複本，他借召會向人顯明。
lyrics_db_text/db594.txt,32,7,复,複,復:235 覆:28 複:6,长大与表现、复本、再世、,長大與表現、複本、再世、
lyrics_db_text/db602.txt,44,4,里,里,裏:5124 里:17,神在你里人间居住，在你里面得彰显。,神在你里人間居住，在你裏面得彰顯。
lyrics_db_text/db620.txt,21,5,炼,鍊,煉:59 鍊:5,经过神锻炼，受过神纯洁，,經過神鍛鍊，受過神純潔，
lyrics_db_text/db622.txt,14,11,赞,贊,讚:353 贊:3,借此饱尝主恩，满心感赞！,藉此飽嘗主恩，滿心感贊！
lyrics_db_text/db626.txt,36,14,赞,贊,讚:353 贊:3,围绕你的施恩宝座，敬拜、感赞不已。,圍繞你的施恩寶座，敬拜、感贊不已。
lyrics_db_text/db631.txt,9,1,并,併,並:2376 併:23,并为你所赐新鲜的恩典，,併為你所賜新鮮的恩典，
lyrics_db_text/db631.txt,10,10,赞,贊,讚:353 贊:3,我们从心中再向你感赞。,我們從心中再向你感贊。
lyrics_db_text/db665.txt,7,16,云,云,雲:179,去向亡世供应基督，非仅借话之所云。,去向亡世供應基督，非僅借話之所云。
lyrics_db_text/db681.txt,33,6,赞,贊,讚:353 贊:3,哀叹立变感赞！,哀歎立變感贊！
lyrics_db_text/db686.txt,32,10,赞,贊,讚:353 贊:3,我要发出复活歌声，赞你救赎大能。,我要發出復活歌聲，贊你救贖大能。
lyrics_db_text/db686.txt,33,1,赞,贊,讚:353 贊:3,赞你救赎大能，赞你救赎大能，,贊你救贖大能，贊你救贖大能，
lyrics_db_text/db686.txt,33,8,赞,贊,讚:353 贊:3,赞你救赎大能，赞你救赎大能，,贊你救贖大能，贊你救贖大能，
lyrics_db_text/db686.txt,34,10,赞,贊,讚:353 贊:3,我要发出复活歌声，赞你救赎大能。,我要發出復活歌聲，贊你救贖大能。
lyrics_db_text/db691.txt,8,7,回,迴,回:1419 迴:4,天上充满祂的回音，地上也都听闻。,天上充滿祂的迴音，地上也都聽聞。
lyrics_db_text/db708.txt,9,5,蒙,濛,蒙:465 矇:6,为何仍迷蒙，远离主慈怀，,為何仍迷濛，遠離主慈懷，
lyrics_db_text/db726.txt,15,10,并,併,並:2376 併:23,但你欢喜赐恩帮助，并除一切恶迹。,但你歡喜賜恩幫助，併除一切惡跡。
lyrics_db_text/db732.txt,18,3,赞,贊,讚:353 贊:3,天使赞高声，天上众军也响应，,天使贊高聲，天上眾軍也響應，
lyrics_db_text/db732.txt,35,11,赞,贊,讚:353 贊:3,天上还要响，天使更要赞高声，,天上還要響，天使更要贊高聲，
lyrics_db_text/db737.txt,26,7,赞,贊,讚:353 贊:3,心觉希奇灵感赞，追忆祂的恩眷；,心覺希奇靈感贊，追憶祂的恩眷；
lyrics_db_text/db74.txt,7,6,赞,贊,讚:353 贊:3,听阿，天使赞高声，颂扬救主今诞生！,聽阿，天使贊高聲，頌揚救主今誕生！
lyrics_db_text/db755.txt,25,1,尽,儘,盡:343 儘:22,尽性又尽心。,儘性又盡心。
lyrics_db_text/db770.txt,42,12,干,幹,乾:214 干:91 榦:11 幹:3,叹息才成过去，眼泪才会干，,歎息纔成過去，眼淚纔會幹，
lyrics_db_text/db89.txt,19,14,赞,贊,讚:353 贊:3,我们不久你前被提，要唱新歌赞你；,我們不久你前被提，要唱新歌贊你；
lyrics_db_text/db91.txt,25,17,赞,贊,讚:353 贊:3,我们的心虽然冷淡，这爱叫它发出感赞。,我們的心雖然冷淡，這愛叫它發出感贊。
lyrics_db_text/db94.txt,17,10,并,併,並:2376 併:23,为将生命分赐与我，并为赎我罪孽。,為將生命分賜與我，併為贖我罪孽。
lyrics_db_text/db94.txt,35,9,赞,贊,讚:353 贊:3,心、灵不禁充满感赞，希奇你的救赎！,心、靈不禁充滿感贊，希奇你的救贖！
lyrics_er_text/er1203.txt,8,8,划,划,畫:12 劃:8,游水么？否否，划船么？否否，飞过么？,游水麼？否否，划船麼？否否，飛過麼？
lyrics_er_text/er402.txt,8,15,回,迴,回:1419 迴:4,这样欢乐，这样赞美，直到我们回天家。,這樣歡樂，這樣讚美，直到我們迴天家。
lyrics_er_text/er414.txt,2,7,荡,盪,蕩:32 盪:2,白云悠悠绿水荡漾,白雲悠悠綠水盪漾
lyrics_er_text/er414.txt,5,8,荡,盪,蕩:32 盪:2,白云悠悠，绿水荡漾，欢喜和声来颂扬，,白雲悠悠，綠水盪漾，歡喜和聲來頌揚，
lyrics_xb_text/xb1.txt,13,15,辟,闢,辟:15 闢:1,劳苦奋斗同心合意，把主新路开辟，,勞苦奮鬥同心合意，把主新路開闢，
lyrics_xb_text/xb101.txt,8,5,面,麵,面:2438 麵:105,走向撒冷面如坚石，存心顺服以至于死。,走向撒冷麵如堅石，存心順服以至於死。
lyrics_xb_text/xb101.txt,23,19,复,複,復:235 覆:28 複:6,看哪，他已扩大、繁殖，就是我们－团体复制。,看哪，他已擴大、繁殖，就是我們－團體複製。
lyrics_xb_text/xb132.txt,6,18,复,複,復:235 覆:28 複:6,他按自己形象和样式造人，好成为他的复本；,他按自己形象和樣式造人，好成為他的複本；
lyrics_xb_text/xb137.txt,21,17,复,複,復:235 覆:28 複:6,众召会要如此建造起来，作三一神的复制；,眾召會要如此建造起來，作三一神的複製；
lyrics_xb_text/xb152.txt,6,13,赞,贊,讚:353 贊:3,我虔读使徒开展的事例，可赞可贺；,我虔讀使徒開展的事例，可贊可賀；
lyrics_xb_text/xb161.txt,7,18,赞,贊,讚:353 贊:3,当你为主见证满口颂扬，我与你一同感赞，,當你為主見證滿口頌揚，我與你一同感贊，
lyrics_xb_text/xb161.txt,23,5,并,併,並:2376 併:23,如何喂养并成全他而写，同时也献给所有在主里劳苦的服事者。,如何餵養併成全他而寫，同時也獻給所有在主裏勞苦的服事者。
lyrics_xb_text/xb165.txt,15,11,迴,迴,回:1419 迴:4,我的信終於有了生命的迴響，,我的信終於有了生命的迴響，
lyrics_xb_text/xb28.txt,11,19,炼,鍊,煉:59 鍊:5,我在此筑起奉献的祭坛，求赐炭火将我锻炼，,我在此築起奉獻的祭壇，求賜炭火將我鍛鍊，
lyrics_xb_text/xb70.txt,8,7,荡,盪,蕩:32 盪:2,身处不安、动荡，心灵失措，,身處不安、動盪，心靈失措，
lyrics_xb_text/xb90.txt,7,6,并,併,並:2376 併:23,我与神和好并合一，,我與神和好併合一，
lyrics_xg_text/xg103.txt,11,8,复,複,復:235 覆:28 複:6,主啊！深愿你心复制我心里，,主啊！深願你心複製我心裏，
lyrics_xg_text/xg109.txt,8,17,干,幹,乾:214 干:91 榦:11 幹:3,主名、主话作我真宝库，活水涌流不干枯；,主名、主話作我真寶庫，活水湧流不幹枯；
lyrics_xg_text/xg11.txt,31,9,赞,贊,讚:353 贊:3,全人俯伏你脚前，赞你恩希奇。,全人俯伏你腳前，贊你恩希奇。
lyrics_xg_text/xg114.txt,11,19,炼,鍊,煉:59 鍊:5,我在此筑起奉献的祭坛，求赐炭火将我锻炼，,我在此築起奉獻的祭壇，求賜炭火將我鍛鍊，
lyrics_xg_text/xg116.txt,7,14,赞,贊,讚:353 贊:3,你的爱子率领我们，千万子嗣赞你经纶。,你的愛子率領我們，千萬子嗣贊你經綸。
lyrics_xg_text/xg116.txt,24,14,赞,贊,讚:353 贊:3,人成为神，模成得荣，万有齐赞：功成！,人成為神，模成得榮，萬有齊贊：功成！
lyrics_xg_text/xg117.txt,13,9,里,里,裏:5124 里:17,风起云涌，穹苍万里，迈向地极随主行。,風起雲湧，穹蒼萬里，邁向地極隨主行。
lyrics_xg_text/xg128.txt,28,14,里,里,裏:5124 里:17,栽植灯台，建造身体，最后一里尽全力。,栽植燈臺，建造身體，最後一里盡全力。
lyrics_xg_text/xg129.txt,8,12,复,複,復:235 覆:28 複:6,家中训练成全新人，繁增复制走新路；,家中訓練成全新人，繁增複製走新路；
lyrics_xg_text/xg131.txt,8,11,回,迴,回:1419 迴:4,我的信终于有了生命的回响，,我的信終於有了生命的迴響，
lyrics_xg_text/xg133.txt,8,8,蒙,矇,蒙:465 矇:6,你的美意，我虽蒙昧，常无法接领；,你的美意，我雖矇昧，常無法接領；
lyrics_xg_text/xg140.txt,7,8,蒙,矇,蒙:465 矇:6,时而走迷，无知蒙昧，你杖、竿亲来截回。,時而走迷，無知矇昧，你杖、竿親來截回。
lyrics_xg_text/xg141.txt,16,8,复,複,復:235 覆:28 複:6,与你联结，成你复制，为使神旨得成就。,與你聯結，成你複製，為使神旨得成就。
lyrics_xg_text/xg151.txt,31,11,复,複,復:235 覆:28 複:6,激动，激动，使我成你复制：,激動，激動，使我成你複製：
lyrics_xg_text/xg158.txt,11,11,尽,儘,盡:343 儘:22,属天赛程全备供应在此尽可得。,屬天賽程全備供應在此儘可得。
lyrics_xg_text/xg159.txt,17,9,系,係,繫:28 系:15 係:4,活力生活，建立关系，祷告职事不止息；,活力生活，建立關係，禱告職事不止息；
lyrics_xg_text/xg159.txt,20,8,复,複,復:235 覆:28 複:6,责任担当，功用复制，使父荣耀得显彰。,責任擔當，功用複製，使父榮耀得顯彰。
lyrics_xg_text/xg161.txt,23,12,炼,鍊,煉:59 鍊:5,虽经沧桑，祂爱真挚，淬炼甄陶合主用；,雖經滄桑，祂愛真摯，淬鍊甄陶合主用；
lyrics_xg_text/xg170.txt,19,3,复,複,復:235 覆:28 複:6,（重复末两行，下同）,（重複末兩行，下同）
lyrics_xg_text/xg186.txt,22,10,复,複,復:235 覆:28 複:6,家中训练蒙福，繁增复制为务。,家中訓練蒙福，繁增複製為務。
lyrics_xg_text/xg189.txt,28,11,复,複,復:235 覆:28 複:6,加强的活，加强的亮，复制成为众活星；,加強的活，加強的亮，複製成為眾活星；
lyrics_xg_text/xg206.txt,10,2,尽,儘,盡:343 儘:22,倒尽自己，引我倾心恋慕。,倒儘自己，引我傾心戀慕。
lyrics_xg_text/xg29.txt,25,13,赞,贊,讚:353 贊:3,那灵已经浇灌，哦，怎不欢赞？,那靈已經澆灌，哦，怎不歡贊？
lyrics_xg_text/xg47.txt,14,11,系,係,繫:28 系:15 係:4,与人同居，建立永远关系。,與人同居，建立永遠關係。
lyrics_xg_text/xg47.txt,24,11,系,係,繫:28 系:15 係:4,借结果子，将这奥秘关系蔓延。,借結果子，將這奧祕關係蔓延。
lyrics_xg_text/xg47.txt,29,2,系,係,繫:28 系:15 係:4,关系越深，越被建成一生机体；,關係越深，越被建成一生機體；
lyrics_xg_text/xg52.txt,16,5,炼,鍊,煉:59 鍊:5,如同火锻炼我的魂生命，,如同火鍛鍊我的魂生命，
lyrics_xg_text/xg57.txt,8,3,蒙,矇,蒙:465 矇:6,孤单蒙昧疑虑在心，,孤單矇昧疑慮在心，
lyrics_xg_text/xg66.txt,10,3,蒙,矇,蒙:465 矇:6,我原蒙昧与世浮沉，,我原矇昧與世浮沉，
lyrics_xg_text/xg70.txt,18,11,赞,贊,讚:353 贊:3,得享自由，心中充满感赞；,得享自由，心中充滿感贊；
lyrics_xg_text/xg76.txt,7,4,复,複,復:235 覆:28 複:6,基督的复制，那灵的翻版。,基督的複製，那靈的翻版。
lyrics_xg_text/xg81.txt,35,8,并,併,並:2376 併:23,让我们永远同心并合意。,讓我們永遠同心併合意。
lyrics_xg_text/xg83.txt,39,7,复,複,復:235 覆:28 複:6,成为神的翻版复制。,成為神的翻版複製。
lyrics_xg_text/xg86.txt,21,7,并,併,並:2376 併:23,至终全人完全并成熟。,至終全人完全併成熟。
lyrics_xg_text/xg9.txt,33,11,赞,贊,讚:353 贊:3,每时刻，靠你恩常发感赞，,每時刻，靠你恩常發感贊，
lyrics_xg_text/xg96.txt,18,12,系,係,繫:28 系:15 係:4,为主交朋友，建立甜美关系；,為主交朋友，建立甜美關係；
lyrics_yb_text/yb130.txt,6,13,了,瞭,了:8322 瞭:3,祷告，因为我知道我需要明了，,禱告，因為我知道我需要明瞭，
lyrics_yb_text/yb184.txt,22,17,复,複,復:235 覆:28 複:6,众召会要如此建造起来，作三一神的复制；,眾召會要如此建造起來，作三一神的複製；
lyrics_yb_text/yb189.txt,14,11,系,係,繫:28 系:15 係:4,与人同居，建立永远关系。,與人同居，建立永遠關係。
lyrics_yb_text/yb189.txt,24,11,系,係,繫:28 系:15 係:4,藉结果子，将这奥秘关系蔓延。,藉結果子，將這奧祕關係蔓延。
lyrics_yb_text/yb189.txt,29,2,系,係,繫:28 系:15 係:4,关系越深，越被建成一生机体。,關係越深，越被建成一生機體。
lyrics_yb_text/yb190.txt,7,3,蒙,矇,蒙:465 矇:6,孤单蒙昧疑虑在心，遥望旅程怎堪异地独行。,孤單矇昧疑慮在心，遙望旅程怎堪異地獨行。
lyrics_yb_text/yb191.txt,14,12,并,併,並:2376 併:23,永远成双成对，联结调和并合并，,永遠成雙成對，聯結調和併合並，
lyrics_yb_text/yb199.txt,20,9,里,里,裏:5124 里:17,安稳在祢所赐平安里。,安穩在禰所賜平安里。
lyrics_yb_text/yb209.txt,34,1,赞,贊,讚:353 贊:3,赞你宏恩，使我们能乐意；,贊你宏恩，使我們能樂意；
lyrics_yb_text/yb224.txt,14,14,并,併,並:2376 併:23,让我们彼此同鼓励，达到完全并成熟。,讓我們彼此同鼓勵，達到完全併成熟。
lyrics_yb_text/yb228.txt,41,4,里,里,裏:5124 里:17,最后一里尽全力。,最後一里盡全力。
lyrics_yb_text/yb232.txt,21,3,蒙,矇,蒙:465 矇:6,我时蒙昧，乌云蔽天，你来开我心眼；,我時矇昧，烏雲蔽天，你來開我心眼；
lyrics_yb_text/yb236.txt,28,9,赞,贊,讚:353 贊:3,全人俯伏你脚前，赞你恩希奇；,全人俯伏你腳前，贊你恩希奇；
lyrics_yb_text/yb247.txt,7,15,系,係,繫:28 系:15 係:4,（与校园离别并保爱有同伴的关系）,（與校園離別並保愛有同伴的關係）
lyrics_yb_text/yb249.txt,18,12,系,係,繫:28 系:15 係:4,为主交朋友，建立甜美关系；,為主交朋友，建立甜美關係；
lyrics_yb_text/yb276.txt,11,3,里,里,裏:5124 里:17,唱阿里路亚，唱阿里路亚，,唱阿里路亞，唱阿里路亞，
lyrics_yb_text/yb276.txt,11,9,里,里,裏:5124 里:17,唱阿里路亚，唱阿里路亚，,唱阿里路亞，唱阿里路亞，
lyrics_yb_text/yb29.txt,19,6,赞,贊,讚:353 贊:3,祈求终变感赞，渴望尽成眼见，主，你也必心满意足。,祈求終變感贊，渴望盡成眼見，主，你也必心滿意足。
lyrics_yb_text/yb35.txt,16,11,回,迴,回:1419 迴:4,我的信终于有了生命的回音，,我的信終於有了生命的迴音，
lyrics_yb_text/yb36.txt,15,13,系,係,繫:28 系:15 係:4,同作肢体彼此顾惜，何种关系可与相比。,同作肢體彼此顧惜，何種關係可與相比。
lyrics_yb_text/yb67.txt,22,8,蒙,矇,蒙:465 矇:6,清晨起来，天仍蒙昧就来寻你，,清晨起來，天仍矇昧就來尋你，
